{"cameraMode":{"drawMode":0,"name":"Shaded","section":"Shading Mode"},"sceneLighting":false,"audioPlay":false,"sceneViewState":{"m_AlwaysRefresh":false,"showFog":true,"showSkybox":true,"showFlares":true,"showImageEffects":true,"showParticleSystems":true,"showVisualEffectGraphs":true,"m_FxEnabled":true},"in2DMode":false,"pivot":{"x":4.634976863861084,"y":5.682154178619385,"z":19.689010620117189},"rotation":{"x":-0.049480143934488299,"y":-0.007804797496646643,"z":-0.0003806467866525054,"w":0.9987826943397522},"size":13.657002449035645,"orthographic":false}